Bank,Siedziba,Kredyt wg umowy,"Kwota pozostała dospłaty",Warunki oprocentowania,Termin spłaty,Zabezpieczenie,,,,,,,
"",,,,,,,Kwota pozostała do,,,,,,
"",,,,,,,,,,,,,
Bank,Siedziba,spłaty,Warunki oprocentowania,Termin spłaty,Zabezpieczenie,,,,,,,,
"",,,waluta,,,PLN,,,waluta,,,PLN,
mBANK( dawniej BRE BANK S.A.),Warszawa,PLN,700,PLN,376,"oprocentowanie wg zmiennejstopy procentowej obliczane wstosunku rocznym , wysokośćoprocentowania wg stopyWIBOR  dla depozytów ON  znotowania na dzień roboczyprzed datą postawienia środkówdo dyspozycji- stawka bazowapowiększona o marżę Banku",17 08.2018,"Weksel in blanco poręczony przezgłównego kredytobiorcę",,,,,
mBANK( dawniej BRE BANK S.A.),Warszawa,PLN,44 000,PLN,14 125,"oprocentowanie wg zmiennejstopy procentowej obliczane wstosunku rocznym , wysokośćoprocentowania wg stopyWIBOR  dla depozytów ON  znotowania na dzień roboczyprzed datą postawienia środkówdo dyspozycji- stawka bazowapowiększona o marżę Banku",17.07.2018,"Poręczenie wekslowe  i cesja na rzeczBanku potwierdzonych wierzytelności",,,,,
mBANK( dawniej BRE BANK S.A.),Warszawa,PLN,7 000,PLN,6 067,"stopy procentowej obliczane wstosunku rocznym , wysokośćoprocentowania wg stopyWIBOR  dla depozytów ON  znotowania na dzień roboczyprzed datą postawienia środkówdo dyspozycji- stawka bazowapowiększona o marżę Banku",29.04.2022,"Poręczenie wekslowe oraz hipotekaumowna",,,,,
