Wyszczególnienie,Prawa autorskie,"Bazy danychklientów","Oprogramowanie,Licencje",Razem,,,,,,,,,,
"",,,,,,Bazy danych,"Oprogramowanie,",,,,,,,
"",Wyszczególnienie,Prawa autorskie,Razem,,,,,,,,,,,
"",,,,,,klientów,Licencje,,,,,,,
"",Wartość księgowa brutto,,,,,,,,,,,,,
1 stycznia 2018,3 427,3 489,1 921,8 837,,,,,,,,,,
Zwiększenie,120,84,40,244,,,,,,,,,,
Inne zwiększenie,-,-,-,-,,,,,,,,,,
Zmniejszenie,90,-,-,90,,,,,,,,,,
31 grudnia 2018,3 457,3 573,1 961,8 991,,,,,,,,,,
1 stycznia 2017,3 418,3 462,2 006,8 886,,,,,,,,,,
Zwiększenie,27,24,51,-,,,,,,,,,,
Inne zwiększenie,9,-,23,32,,,,,,,,,,
Zmniejszenie,-,-,132,132,,,,,,,,,,
31 grudnia 2017,3 427,3 489,1 921,8 837,,,,,,,,,,
"",Skumulowane umorzenie i odpisy aktualizujące,,,,,,,,,,,,,
1 styczeń 2018,3 324,3 079,1 883,8 286,,,,,,,,,,
Amortyzacja za rok,31,135,53,219,,,,,,,,,,
Inne zwiększenia,-,-,-,-,,,,,,,,,,
Odpisy aktualizujące,-,-,-,-,,,,,,,,,,
Zmniejszenia,-,-,-,-,,,,,,,,,,
31 grudnia 2018,3 355,3 214,1 930,8 499,,,,,,,,,,
1 styczeń 2017,3 257,2 932,1 927,8 116,,,,,,,,,,
