Bank,Siedziba,Kredyt wg umowy,"Kwota pozostała dospłaty",Warunki oprocentowania,Termin spłaty,Zabezpieczenie,,,,,,,
"",,,,,,Kwota pozostała do,,,,,,,
"",,,,,,,,,,,,,
Bank,Siedziba,spłaty,Warunki oprocentowania,Termin spłaty,Zabezpieczenie,,,,,,,,
"",,,waluta,,,PLN,,,waluta,,,PLN,
BANK ZACHODNI WBK S.A.leks,Wrocław,PLN,5 100,PLN,5 100,"oprocentowanie na podstawieWIBOR 1M z bieżącego dniapowiększonym o marżę Banku",06.12.2019,"Zastaw rejestrowy  na towarach,przelew wierzytelności z tytułu umowyubezpieczenia, zastaw nanależnościach handlowych",,,,,
BANK ZACHODNI WBK S.A.l,Wrocław,PLN,4 000,PLN,-,"oprocentowanie na podstawieWIBOR 1M z bieżącego dniapowiększonym o marżę Banku",06.12.2018,"Zastaw rejestrowy  na towarach,przelew wierzytelności z tytułu umowyubezpieczenia, zastaw nanależnościach handlowych",,,,,
BANK ZACHODNI WBK S.A.,Wrocław,PLN,1 500,PLN,1 500,"oprocentowanie na podstawieWIBOR 1M z bieżącego dniapowiększonym o marżę Banku",06.12.2019,"Zastaw rejestrowy  na towarach,przelew wierzytelności z tytułu umowyubezpieczenia, zastaw nanależnościach handlowych",,,,,
