Bank,Siedziba,Kredyt wg umowy,Kwota pozostała do spłaty,Warunki oprocentowania,Termin spłaty,Zabezpieczenie,,,,,,
"",,,,,,,,,,,,
Bank,Siedziba,Warunki oprocentowania,Termin spłaty,Zabezpieczenie,,,,,,,,
"",,waluta,,,PLN,,,waluta,,,PLN,
PEKAO S.A.,Warszawa,PLN,6 500,PLN,3 588,"oprocentowanie wg zmiennejstopy procentowej na baziestawki WIBOR powiększone omarże banku",17.08.2019,"Hipoteka na nieruchomości gruntowej,zastaw na zapasach, cesja praw zpolisy ubezpieczeniowej środkówobrotowych od ognia i innych zdarzeńlosowych, weksel in blanco,pełnomocnictwo do dysponowaniarachunkami prowadzonymi w Banku",,,,
PKO BP S.A.,Warszawa,PLN,8 000,PLN,5 692,"oprocentowanie na podstawieWIBOR 1M z bieżącego dniapowiększonym o marżę Banku",25 07.2019,"Zastaw rejestrowy na zapasach,przelew wierzytelności z należnościhandlowych.",,,,
