Bank,Siedziba,Kredyt wg umowy,"Kwota pozostała dospłaty",Warunki oprocentowania,Termin spłaty,Zabezpieczenie,,,,,,
"",,,,,,Kwota pozostała do,,,,,,
"",,,,,,,,,,,,
Bank,Siedziba,spłaty,Warunki oprocentowania,Termin spłaty,Zabezpieczenie,,,,,,,
"",,waluta,,,PLN,,,waluta,,,PLN,
"mBANK( dawniej BRE BANK S.A BANKZACHODNI WBK S.A..)",Warszawa,PLN,7 000,PLN,5 169,"oprocentowanie wg zmiennejstopy procentowej obliczane wstosunku rocznym , wysokośćoprocentowania wg stopyWIBOR  dla depozytów ON znotowania z dnia wykorzystaniapowiększone o marże banku",18.07.2018,"Zastaw rejestrowy na zapasach dowartości 10.500 tys. zł weksel inblanco poręczony przez Delko",,,,
BANK ZACHODNI WBK S.A.,Wrocław,PLN,3 182,PLN,1 899,"oprocentowanie na podstawieWIBOR O/N ogłaszanych wserwisie Reuters w danym dniupowiększonym o marżę Banku",19.02.2022,Hipoteka,,,,
BANK ZACHODNI WBK S.A.,Wrocław,PLN,5 000,PLN,1 324,WIBOR 1M + marża Banku,31.03.2018,Hipoteka,,,,
"mBANK( dawniej BRE BANK S.A BANKZACHODNI WBK S.A..)",Warszawa,PLN,5 000,PLN,-,"oprocentowanie wg zmiennejstopy procentowej obliczane wstosunku rocznym , wysokośćoprocentowania wg stopyWIBOR  dla depozytów ON znotowania z dnia wykorzystaniapowiększone o marże banku",.18.07.2018,Zastaw rejestrowy na zapasach,,,,
