"",Wyszczególnienie,,,2018,,,2017,
Delko S.A.,,,,,,,,
"",Delko S.A.,,,,,,,
"",Zarząd:,,,97,,,914,
"- M. Dąbrowski",488,457,,,,,,
"- D. Kawecki",488,457,,,,,,
Rada Nadzorcza:,84,78,,,,,,
"",Rada Nadzorcza:,8,78,,,,,
"- W. Kowalski",24,24,,,,,,
"- D.Ronduda od 10.2017 r",5,3,,,,,,
"- K. Dąbrowska",12,12,,,,,,
"- T. Czapla do 06.2017 r.",-,9,,,,,,
"- I.Jantoń",12,12,,,,,,
"-E.Kawecki od 06.2017",12,6,,,,,,
"-D.Martyna",12,12,,,,,,
"-M.Szydłowski od 06.2018",7,-,,,,,,
Delko Otto Sp. z o.o.,,,,,,,,
Zarząd:,243,256,,,,,,
"",Zarząd:,24,256,,,,,
"- P. Laskowski",226,208,,,,,,
"- M. Dąbrowski",48,48,,,,,,
"- M.Koralewski",8,-,,,,,,
Nika Sp. z o.o.,,,,,,,,
"",Zarząd:,,,17,,,206,
"- D. Kasperkiewicz",175,206,,,,,,
"",Przedsiębiorstwo Handlowe AMA Sp. z o.o.,,,,,,,
Zarząd:,103,104,,,,,,
"",Zarząd:,103,10,,,,,
"- R. Stachowicz",103,104,,,,,,
Frog MS Delko  Sp. z o.o.,,,,,,,,
"",Frog MS Delko  Sp. z o.o.,,,,,,,
"",Zarząd:,,,29,,,23,
"- M. Krawczyk",294,232,,,,,,
Cosmetics RDTSp. z o.o.,,,,,,,,
"",Cosmetics RDTSp. z o.o.,,,,,,,
"",Zarząd:,,,11,,,14,
