Lp.,"Nazwajednostki",Siedziba,Zakres działalności,"UdziałprocentowyGrupy nadzień31.12.2018","UdziałprocentowyGrupy nadzień31.12.2017"
"",,,,Udział,Udział
"",,,,procentowy,procentowy
"",Nazwa,,,,
Lp.,Siedziba,Zakres działalności,Grupy na,Grupy na,
"",jednostki,,,,
"",,,,dzień,dzień
"",,,,31.12.2018,31.12.2017
1,"Nika Sp. zo.o.",Kielce,"Sprzedaż hurtowa towarów chemii gospodarczej,kosmetyków i wyrobów toaletowych. Sprzedaż detalicznatowarów chemii gospodarczej , kosmetyków, wyrobówfarmaceutycznych","100,00","100,00"
2,"PH AMASp. z o.o.",Warszawa,"Sprzedaż hurtowa towarów chemii gospodarczej,kosmetyków , i wyrobów  toaletowych, Sprzedaż detalicznatowarów chemii gospodarczej, kosmetyków, wyrobówfarmaceutycznych","100,00","100,00"
3,"CosmeticsRDT Sp. zo.o.",Łomża,"Sprzedaż hurtowa towarów chemii gospodarczej,kosmetyków , i wyrobów  toaletowych, Sprzedaż detalicznatowarów chemii gospodarczej, kosmetyków, wyrobówfarmaceutycznych","100,00","100,00"
4,"Blue STOPSp. z o.o.",Śrem,"Świadczenie usług pośrednictwa w handlu, organizacjadetalicznej sieci franczyzowej.","95,00","95,00"
5,"Frog MSDelkoSp. z o.o.",Kraków,"Sprzedaż hurtowa towarów chemii gospodarczej,kosmetyków  i wyrobów  toaletowych. Sprzedaż detalicznatowarów chemii gospodarcze, kosmetyków, wyrobówfarmaceutycznych.","100,00","100,00"
6,"Delko OTTOSp. z o.o.","OstrowiecŚwiętokrzyski","Sprzedaż hurtowa towarów chemii gospodarczej,kosmetyków  i wyrobów toaletowych i wyrobówtytoniowych. Sprzedaż detaliczna towarów chemiigospodarczej, kosmetyków, wyrobów farmaceutycznych iwyrobów tytoniowych.","100,00","100,00"
7,"DelkorSp. z o.o.",Łódź,"Sprzedaż hurtowa towarów chemii gospodarczej,kosmetyków  i wyrobów farmaceutycznych. Sprzedażdetaliczna towarów chemii gospodarcze, kosmetyków,wyrobów  toaletowych.","100,00","100,00"
8,"Doktor LeksSp. z o.o.",Wrocław,"Sprzedaż hurtowa towarów chemii gospodarczej,kosmetyków  i wyrobów farmaceutycznych. Sprzedażdetaliczna towarów chemii gospodarcze, kosmetyków,wyrobów  toaletowych.","100,00","100,00"
9,"Delko EstaSp. z o.o.",Stargard,"Sprzedaż hurtowa towarów chemii gospodarczej,kosmetyków  i wyrobów farmaceutycznych. Sprzedażdetaliczna towarów chemii gospodarcze, kosmetyków,wyrobów  toaletowych.","100,00*","100,00*"
10,"LavendeSp.z o.o.",Kielce,"Sprzedaż detaliczna kosmetyków i artykułów toaletowychprowadzona w wyspecjalizowanych sklepach.","100,00**","100,00**"
11,"RHSSp. z o.o.",Wieluń,"Sprzedaż detaliczna prowadzona w sklepach spożywczych.Sprzedaż hurtowa produktów spożywczych oraz wynajempomieszczeń.","100,00","100,00"
