Rzeczowe aktywa trwałe,"Grunty,budynki ibudowle","Maszyny iurządzeniatechniczne","Środkitransportu",Pozostałe,"Środkitrwałe wbudowie",Razem,,,,,,,,,,,,,,
"",,,"Grunty,",Maszyny i,Środki,,,,,,,,,,,,,,,
"",,,,,,,,,,Środki,,,,,,,,,,
"",Rzeczowe aktywa trwałe,budynki i,urządzenia,Pozostałe,trwałe w,Razem,,,,,,,,,,,,,,
"",,,,,,,,,,transportu,,,,,,,,,,
"",,,budowle,techniczne,budowie,,,,,,,,,,,,,,,
"",,,,,,,,,,,,,,,,,,,,
Na dzień 1 stycznia 2017,16 692,2 129,13 555,3 095,51,35 522,,,,,,,,,,,,,,
Zwiększenia - zakup,221,278,1 876,110,735,3 220,,,,,,,,,,,,,,
Zwiększenia - inne,498,24,6,-,-,528,,,,,,,,,,,,,,
Zwiekszenia nowa spółka,9 253,1 070,1 229,97,234,11 883,,,,,,,,,,,,,,
"Zmniejszenia (sprzedaż, likwidacja,przekazanie)",11,81,1 324,341,683,2 358,,,,,,,,,,,,,,
Na dzień 31 grudnia 2017,26 653,3 420,15 342,2 961,337,48 795,,,,,,,,,,,,,,
"",,,,,,,,,,,,,,,,,,,,
"",Umorzenie i utrata wartości,,,,,,,,,,,,,,,,,,,
Na dzień 1 stycznia 2018,6 113,2 621,9 889,2 440,-,21 063,,,,,,,,,,,,,,
Amortyzacja za rok,585,269,1 844,174,-,2 872,,,,,,,,,,,,,,
Pozostałe  zwiększenia,-,-,-,1,-,1,,,,,,,,,,,,,,
"Zmniejszenia z tytułu likwidacji lubsprzedaży",50,23,862,12,-,947,,,,,,,,,,,,,,
Na dzień 31 grudnia 2018,6 648,2 867,10 871,2 601,-,22 987,,,,,,,,,,,,,,
"",,,,,,,,,,,,,,,,,,,,
Na dzień 1 stycznia 2017,3 708,1 938,8 563,2 410,-,16 619,,,,,,,,,,,,,,
Amortyzacja za rok,616,252,1 671,154,-,2 693,,,,,,,,,,,,,,
Pozostałe zwiększenia,1 850,684,1 316,386,-,4 236,,,,,,,,,,,,,,
"Zmniejszenia z tytułu likwidacji lubsprzedaży",61,253,1 661,510,-,2 431,,,,,,,,,,,,,,
Na dzień 31 grudnia 2017,6 113,2 621,9 943,2 440,-,21 117,,,,,,,,,,,,,,
"",,,,,,,,,,,,,,,,,,,,
"",Wartość netto,,,,,,,,,,,,,,,,,,,
"",Na dzień 31 grudnia 2018,,,20 47,,,85,,,5 61,,,53,,,48,,,27 963,
"",Na dzień 31 grudnia 2017,,,20 54,,,79,,,5 45,,,52,,,33,,,27 650,
