"",Pozostałe rezerwy,,,,,,,,,,,,,,,,,,,
"",,Pozostałe rezerwy,,,,,,,,,,,,,,,,,,
Zmiana stanu rezerw,"Rezerwa napremie","Rezerwa naodsetki","Rezerwa naodprawy","Rezerwa naurlopy",,Rezerwa,,Razem,,,,,,,,,,,,
"",,,,Rezerwa na,Rezerwa na,Rezerwa na,Rezerwa na,na,,,,,,,,,,,,
"",Zmiana stanu rezerw,Razem,,,,,,,,,,,,,,,,,,
"",,,,premie,odsetki,odprawy,urlopy,roszczenia,,,,,,,,,,,,
"",,,,,,,,,,,,,,,sporne,,,,,
1.01. 2018,-,-,287,-,-,287,,,,,,,,,,,,,,
"",Zwiększenia,,-,-,16,-,-,16,,,,,,,,,,,,
"",Wykorzystanie,,-,-,6,-,-,6,,,,,,,,,,,,
"",Rozwiązanie,,-,-,-,-,-,-,,,,,,,,,,,,
"",31.12.2018,,,,,,,,,29,,,,,,,,,297,
1.01. 2017,-,-,171,-,-,171,,,,,,,,,,,,,,
"",Zwiększenia,,-,-,117,-,-,117,,,,,,,,,,,,
"",Wykorzystanie,,-,-,1,-,-,1,,,,,,,,,,,,
"",Rozwiązanie,,-,-,-,-,-,-,,,,,,,,,,,,
