Seria / emisja,Rodzaj akcji,"Rodzajuprzywilejowania akcji","Rodzajograniczeniapraw do akcji","Liczbaakcji",,Wartość,,"Sposóbpokryciakapitału",,,
"",,,,,,,serii/emisji,,,,
"",,,Rodzaj,Sposób,,,,,,,
"",,Rodzaj,Liczba,według,,,,,,,
"",Seria / emisja,Rodzaj akcji,ograniczenia,pokrycia,,,,,,,
"",,uprzywilejowania akcji,akcji,wartości,,,,,,,
"",,,praw do akcji,kapitału,,,,,,,
"",,,,,,,nominalnej,,,,
"",,,,,,,(w tys. zł),,,,
Seria A,zwykłe,-,-,39 000,39,gotówka,,,,,
Seria B,zwykłe,-,-,4 441 000,4 441,gotówka,,,,,
Seria C,zwykłe,-,-,1 500 000,1 500,gotówka,,,,,
"",Liczba akcji razem,,,5 980 000,,,,,,,
"",Kapitał zakładowy razem ( w tys. zł),,,5 980,,,,,,,
