Bank,Siedziba,Kredyt wg umowy,Kwota pozostała do spłaty,Warunki oprocentowania,Termin spłaty,Zabezpieczenie,,,,,,,
"",,,,,,,,,,,,,
Bank,Siedziba,Warunki oprocentowania,Termin spłaty,Zabezpieczenie,,,,,,,,,
"",,,waluta,,,PLN,,,waluta,,,PLN,
mBANK( dawniej BRE BANK S.A.),Warszawa,PLN,700,PLN,257,"oprocentowanie wg zmiennejstopy procentowej obliczane wstosunku rocznym , wysokośćoprocentowania wg stopyWIBOR  dla depozytów ON  znotowania na dzień roboczyprzed datą postawienia środkówdo dyspozycji- stawka bazowapowiększona o marżę Banku",18 07.2019,"Weksel in blanco poręczony przezgłównego kredytobiorcę",,,,,
mBANK( dawniej BRE BANK S.A.),Warszawa,PLN,22 800,PLN,15 741,"oprocentowanie wg zmiennejstopy procentowej obliczane wstosunku rocznym , wysokośćoprocentowania wg stopyWIBOR  dla depozytów ON  znotowania na dzień roboczyprzed datą postawienia środkówdo dyspozycji- stawka bazowapowiększona o marżę Banku",18.07.2019,"Poręczenie wekslowe  i cesja na rzeczBanku potwierdzonych wierzytelności",,,,,
mBANK( dawniej BRE BANK S.A.),Warszawa,PLN,7 000,PLN,4 666,"stopy procentowej obliczane wstosunku rocznym , wysokośćoprocentowania wg stopyWIBOR  dla depozytów ON  znotowania na dzień roboczyprzed datą postawienia środkówdo dyspozycji- stawka bazowapowiększona o marżę Banku",29.04.2022,"Poręczenie wekslowe oraz hipotekaumowna",,,,,
