Segmenty działalności,Region Zachodni,Region Wschodni,,Region,,Razem,,,,,,,,
"",Segmenty działalności,Region Zachodni,Region Wschodni,Razem,,,,,,,,,,
"",,,,,,,,,,Centralny,,,,
2018,,,,,,,,,,,,,,
"Przychody ze sprzedażyhurtowej",158 124,263 800,94 178,514 536,,,,,,,,,,
"Przychody ze sprzedażydetalicznej",-,1 566,81 114,82 680,,,,,,,,,,
"",azem,,,158 12,,,263 80,,,175 292,,,597 216,
2017,,,,,,,,,,,,,,
"Przychody ze sprzedażyhurtowej",178 639,260 460,99 085,538 184,,,,,,,,,,
"Przychody ze sprzedażydetalicznej",-,1 617,54 319,55 936,,,,,,,,,,
