"",Pozostałe rezerwy,,,,,,,,,,,,,,,,,,,
"",,Pozostałe rezerwy,,,,,,,,,,,,,,,,,,
Zmiana stanu rezerw,"Rezerwa napremie","Rezerwa naodsetki","Rezerwa nawynagrodzenie","Rezerwa naurlopy",,Rezerwa,,Razem,,,,,,,,,,,,
"",,,,,,,,,Rezerwa na,,,,,,,,,,,
"",,,,Rezerwa na,Rezerwa na,Rezerwa na,na,,,,,,,,,,,,,
"",Zmiana stanu rezerw,wynagrodz,Razem,,,,,,,,,,,,,,,,,
"",,,,premie,odsetki,urlopy,roszczenia,,,,,,,,,,,,,
"",,,,,,,,,enie,,,,,,,,,,,
"",,,,,,,,,,,,,,,sporne,,,,,
1.01. 2018,414,35,3,1 323,724,2 499,,,,,,,,,,,,,,
"",Zwiększenia,,789,37,9,1 726,10,2 571,,,,,,,,,,,,
"",Wykorzystanie,,700,35,3,985,-,1 723,,,,,,,,,,,,
"",Rozwiązanie,,30,-,-,975,10,1 015,,,,,,,,,,,,
"",31.12.2018,,,47,,,3,,,,,,1 08,,,724,,,2 332,
1 .01. 2017,346,34,-,838,-,1 218,,,,,,,,,,,,,,
"",Zwiększenia,,632,35,3,1 820,724,3 214,,,,,,,,,,,,
"",Wykorzystanie,,543,34,-,718,-,1 295,,,,,,,,,,,,
"",Rozwiązanie,,21,-,-,617,-,638,,,,,,,,,,,,
