Bank,Siedziba,Kredyt wg umowy,Kwota pozostała do spłaty,Warunki oprocentowania,Termin spłaty,Zabezpieczenie,,,,,,,
"",,,,,,,,,,,,,
Bank,Siedziba,Warunki oprocentowania,Termin spłaty,Zabezpieczenie,,,,,,,,,
"",,,waluta,,,PLN,,,waluta,,,PLN,
mBANK,Warszawa,PLN,7 000,PLN,3 425,"oprocentowanie wg zmiennejstopy procentowej obliczane wstosunku rocznym , wysokośćoprocentowania wg stopyWIBOR  dla depozytów ON znotowania z dnia wykorzystaniapowiększone o marże banku",18.07.2019,"Zastaw rejestrowy na zapasach dowartości 10.500 tys. zł weksel inblanco poręczony przez Delko",,,,,
SANTANDER BANK S.A.,Wrocław,PLN,3 182,PLN,1 581,"oprocentowanie na podstawieWIBOR O/N ogłaszanych wserwisie Reuters w danym dniupowiększonym o marżę Banku",19.02.2022,Hipoteka,,,,,
SANTANDER BANK S.A.,Warszawa,PLN,5 000,PLN,56,"oprocentowanie wg zmiennejstopy procentowej obliczane wstosunku rocznym , wysokośćoprocentowania wg stopyWIBOR powiększone o marżebanku",.31.03.2019,Hipoteka,,,,,
PKO BP S.A.,Warszawa,PLN,2 500,PLN,892,"oprocentowanie wg zmiennejstopy procentowej na baziestawki WIBOR powiększone omarże banku",10 08.2020,"Zastaw rejestrowy na zapasach,przelew wierzytelności z umowyubezpieczenia środków obrotowych,weksel in blanco",,,,,
