Wyszczególnienie,Liczba akcji,Liczba głosów,,Wartość,,,Udział w,,,,,,,
"",Wyszczególnienie,Liczba akcji,Liczba głosów,nominalna,kapitale,,,,,,,,,
"",,,,,,,,,akcji (w zł),podstawowym,,,,
Dariusz Kawecki,1 756 620,1 756 620,1,"29,37%",,,,,,,,,,
Mirosław Jan Dąbrowski,1 017 098,1 017 098,1,"17,01%",,,,,,,,,,
Mirosław Newel,539 650,539 650,1,"9,02%",,,,,,,,,,
"Pozostali, posiadający poniżej 5% ogólnej liczby głosów",2 666 632,2 666 632,1,"44,60%",,,,,,,,,,
"",Razem,,,5 980 00,,,5 980 00,,,,,,100%,
