Wyszczególnienie,Nota,"Za okres 12miesięcy 2018","Za okres 12miesięcy 2017",,,,,,,,
"",,,,,,,Za okres 12,Za okres 12,,,
"",Wyszczególnienie,Nota,,,,,,,,,
"",,,,,,,miesięcy 2018,miesięcy 2017,,,
A. Działalność kontynuowana,,,,,,,,,,,
"",,,,,,,,,,,
I. Przychody ze sprzedaży,31,633 388,630 194,,,,,,,,
1. Przychody ze sprzedaży produktów i usług,,36 172,36 074,,,,,,,,
2. Przychody ze sprzedaży towarów,,597 216,594 120,,,,,,,,
II. Koszty działalności operacyjnej,32,614 343,613 395,,,,,,,,
1. Amortyzacja,,3 068,2 932,,,,,,,,
2. Zużycie materiałów i energii,,8 871,7 971,,,,,,,,
3. Usługi obce,,43 274,43 340,,,,,,,,
4. Podatki i opłaty,,1 735,1 634,,,,,,,,
5. Wynagrodzenia,,37 377,35 551,,,,,,,,
6. Ubezpieczenia społeczne i inne świadczenia,,8 222,7 521,,,,,,,,
7. Pozostałe koszty rodzajowe,,2 327,1 973,,,,,,,,
8. Wartość sprzedanych towarów i materiałów,,509 469,512 473,,,,,,,,
III. Zysk (strata) na sprzedaży,,19 045,16 799,,,,,,,,
1. Pozostałe przychody operacyjne,33,1 294,1 008,,,,,,,,
2. Pozostałe koszty operacyjne,34,1 613,1 709,,,,,,,,
3. Zysk na okazjonalnym nabyciu,33,-,1 301,,,,,,,,
IV. Zysk (strata) na działalności operacyjnej,,18 726,17 399,,,,,,,,
1. Przychody finansowe,35,52,42,,,,,,,,
2. Koszty finansowe,36,1 971,2 299,,,,,,,,
V. Zysk (strata) brutto na działalności gospodarczej,,16 807,15 142,,,,,,,,
1. Podatek dochodowy,37,3 271,2 813,,,,,,,,
"",VI. Zysk (strata) netto z działalności kontynuowanej,,,,,,13 53,,,12 32,
"",,,,,,,,,,,
B. Działalność zaniechana,,,,,,,,,,,
I. Zysk (strata) netto z działalności zaniechanej,,-,-,,,,,,,,
"",,,,,,,,,,,
"","C. Zysk (strata) netto za rok obrotowy, w tym",,,,,,13 53,,,12 32,
1. Przypadający akcjonariuszom podmiotu dominującego,,13 527,12 324,,,,,,,,
2. Przypadający akcjonariuszom mniejszościowym,,9,5,,,,,,,,
"",,,,,,,,,,,
Liczba akcji akcjonariuszy jednostki dominującej (w szt.),,5 980 000,5 980 000,,,,,,,,
Zysk na jedną akcję zwykłą  (w złotych),,"2,26","2,06",,,,,,,,
