"",Wyszczególnienie,,,2018,,,2017,
Delko S.A.,,,,,,,,
"",Zarząd:,,,73,,,664,
"- M. Dąbrowski",365,332,,,,,,
"- D. Kawecki",365,332,,,,,,
Rada Nadzorcza:,84,78,,,,,,
"",Rada Nadzorcza:,8,78,,,,,
"- W. Kowalski",24,24,,,,,,
"- D. Ronduda od 10.2017 r.do 06.2018",5,3,,,,,,
"- K. Dąbrowska",12,12,,,,,,
"- T. Czapla",-,9,,,,,,
"- I.  Jantoń",12,12,,,,,,
"-E. Kawecki od 06.2017 r.",12,6,,,,,,
"- D. Martyna",12,12,,,,,,
"- M. Szydłowski od 06.2018 r.",7,-,,,,,,
Delko Otto Sp. z o.o.,,,,,,,,
Zarząd:,243,256,,,,,,
"",Zarząd:,24,256,,,,,
"- P. Laskowski",187,208,,,,,,
"-  M. Dąbrowski",48,48,,,,,,
"- M. Koralewski",8,-,,,,,,
Nika Sp. z o.o.,,,,,,,,
"",Zarząd:,,,17,,,206,
"- D. Kasperkiewicz",175,206,,,,,,
Przedsiębiorstwo Handlowe AMA Sp. z o.o.,,,,,,,,
"",Przedsiębiorstwo Handlowe AMA Sp. z o.o.,,,,,,,
Zarząd:,91,70,,,,,,
"",Zarząd:,91,7,,,,,
"- R. Stachowicz",91,70,,,,,,
Frog MS Delko Sp. z o.o.,,,,,,,,
"",Frog MS Delko Sp. z o.o.,,,,,,,
"",Zarząd:,,,27,,,22,
"- M. Krawczyk",275,221,,,,,,
Cosmetics RDT Sp. z o.o.,,,,,,,,
"",Cosmetics RDT Sp. z o.o.,,,,,,,
"",Zarząd:,,,8,,,11,
"- A. Kuczwalski",85,112,,,,,,
Blue Stop Sp. z o.o.,,,,,,,,
"",Blue Stop Sp. z o.o.,,,,,,,
"",Zarząd:,,,3,,,1,
"- L. Wójcik",-,10,,,,,,
"- E.Marcinowska",39,-,,,,,,
Delkor Sp. z o.o.,,,,,,,,
"",Delkor Sp. z o.o.,,,,,,,
"",Zarząd:,,,5,,,11,
"- B.Jasiak",18,-,,,,,,
"- G. Ignaczak",12,94,,,,,,
"- A. Marczyk",-,25,,,,,,
"- K. Siwecki",18,-,,,,,,
"- M. Koralewski",10,-,,,,,,
"",Delko Esta Sp. z o.o.,,,,,,,
"",Zarząd:,,,,,,7,
