Rzeczowe aktywa trwałe,"Grunty,budynki ibudowle","Maszyny iurządzeniatechniczne","Środkitransportu",Pozostałe,"Środkitrwałe wbudowie",Razem,,,,,,,,,,,,,,
"",,,,"Grunty,",Maszyny i,Środki,,,,,,,,,,,,,,
"",,,,,,,,,,Środki,,,,,,,,,,
"",Rzeczowe aktywa trwałe,budynki i,urządzenia,Pozostałe,trwałe w,Razem,,,,,,,,,,,,,,
"",,,,,,,,,,transportu,,,,,,,,,,
"",,,,budowle,techniczne,budowie,,,,,,,,,,,,,,
"",Wartość początkowa lub wycena,,,,,,,,,,,,,,,,,,,
Na dzień 1 stycznia 2018,26 653,3 420,15 342,2 961,337,48 713,,,,,,,,,,,,,,
Zwiększenia - zakup,472,317,1 955,182,1 466,4 392,,,,,,,,,,,,,,
Zwiększenia - inne,-,4,408,8,,420,,,,,,,,,,,,,,
Zwieszenia nowa spółka,-,-,-,-,-,-,,,,,,,,,,,,,,
"Zmniejszenia (sprzedaż, likwidacja,przekazanie)",-,23,1 220,16,1 316,2 575,,,,,,,,,,,,,,
Na dzień 31 grudnia 2018,27 125,3 718,16 485,3 135,487,50 950,,,,,,,,,,,,,,
