Bank,Siedziba,Kredyt wg umowy,"Kwota pozostała dospłaty",Warunki oprocentowania,Termin spłaty,Zabezpieczenie,,,,,,,,,,,,,,,,,,,
"",,,,,,,,,,,,Kwota pozostała do,,,,,,,,,,,,,
"",,,,,,,,,,,,,,,,,,,,,,,,,
"",Bank,Siedziba,spłaty,Warunki oprocentowania,Termin spłaty,Zabezpieczenie,,,,,,,,,,,,,,,,,,,
"",,,,,,waluta,,,PLN,,,waluta,,,PLN,,,,,,,,,,
ING Bank Śląski S.A.,Katowice,PLN,3 500,PLN,2 720,"oprocentowanie na podstawieWIBOR 1M z bieżącego dniapowiększonym o marżę Banku",16.06.2018,"Zastaw rejestrowy  na towarach,przelew wierzytelności z tytułu umowyubezpieczenia, poręczenie cywilne",,,,,,,,,,,,,,,,,
"",Razem:,,,,,,,,,124 982,,,,,,70 939,,,,,,,,,
