Bank,Siedziba,Kredyt wg umowy,"Kwota pozostała dospłaty",Warunki oprocentowania,Termin spłaty,Zabezpieczenie,,,,,,,
"",,,,,,Kwota pozostała do,,,,,,,
"",,,,,,,,,,,,,
Bank,Siedziba,spłaty,Warunki oprocentowania,Termin spłaty,Zabezpieczenie,,,,,,,,
"",,,waluta,,,PLN,,,waluta,,,PLN,
SANTANDER BANK S.A.,Wrocław,PLN,5 100,PLN,5 100,"oprocentowanie na podstawieWIBOR 1M z bieżącego dniapowiększonym o marżę Banku",06.12.2019,"Zastaw rejestrowy  na towarach,przelew wierzytelności z tytułu umowyubezpieczenia, zastaw nanależnościach handlowych",,,,,
SANTANDER BANK S.A.,Wrocław,PLN,3 600,PLN,0,"oprocentowanie na podstawieWIBOR 1M z bieżącego dniapowiększonym o marżę Banku",06.12.2019,"Zastaw rejestrowy  na towarach,przelew wierzytelności z tytułu umowyubezpieczenia, zastaw nanależnościach handlowych",,,,,
SANTANDER BANK S.A.,Wrocław,PLN,1 500,PLN,1 500,"oprocentowanie na podstawieWIBOR powiększonym o marżęBanku",06.12.2019,"Zastaw rejestrowy  na towarach,przelew wierzytelności z tytułu umowyubezpieczenia, zastaw nanależnościach handlowych",,,,,
SANTANDER BANK S.A.,Wrocław,PLN,1 800,PLN,1 800,"oprocentowanie na podstawieWIBOR powiększonym o marżęBanku",06.12.2019,"Zastaw rejestrowy  na towarach,przelew wierzytelności z tytułu umowyubezpieczenia, zastaw nanależnościach handlowych",,,,,
