Bank,Siedziba,Kredyt wg umowy,"Kwota pozostała dospłaty",Warunki oprocentowania,Termin spłaty,Zabezpieczenie,,,,,,,,,,,,,,,,,,,,
"",,,,,,,,,,,,,Kwota pozostała do,,,,,,,,,,,,,
"",,,,,,,,,,,,,,,,,,,,,,,,,,
"",Bank,Siedziba,spłaty,Warunki oprocentowania,Termin spłaty,Zabezpieczenie,,,,,,,,,,,,,,,,,,,,
"",,,,,,,waluta,,,PLN,,,waluta,,,PLN,,,,,,,,,,
ING Bank Śląski S.A.,Katowice,PLN,3 500,PLN,808,"oprocentowanie na podstawieWIBOR powiększonym o marżęBanku",26.06.2019,"Zastaw rejestrowy  na środkachobrotowych, cesja praw z polisyubezpieczenia przedmiotuzabezpieczenia, poręczenia cywilneDelko S.A., oświadczenie o poddaniusię egzekucji poręczyciela",,,,,,,,,,,,,,,,,,
"",,,,,,,,,,,,,,,,,,,,,,,,,,
"",Razem:,,,,,,,,,112 882,,,,,,57 650,,,,,,,,,,
