"- S. Wygoda do 31.08.2018",8,12,,,,,,
"- M. Koralewski od 03.07.2018",12,-,,,,,,
Doktor Leks S.A.,,,,,,,,
"",Doktor Leks S.A.,,,,,,,
"",Zarząd:,,,10,,,11,
"- M. Szklarski",36,36,,,,,,
"- E. Kawecki",-,14,,,,,,
"- S.Tokarz",72,61,,,,,,
Rada Nadzorcza:,-,-,,,,,,
"",Rada Nadzorcza:,,-,,,,,
"- I. Jantoń",-,-,,,,,,
"- J. Jantoń",-,-,,,,,,
"- T. Wygoda",-,-,,,,,,
Lavende  Sp. z o.o.,,,,,,,,
"",Lavende  Sp. z o.o.,,,,,,,
"",Zarząd:,,,2,,,24,
"- P.Laskowski",25,24,,,,,,
RHS  Sp. z o.o.,,,,,,,,
"",RHS  Sp. z o.o.,,,,,,,
"",Zarząd:,,,,,,3,
"- Elzbieta Paradowska do 02.02.2017",-,3,,,,,,
"- A. Stanuchiewicz",159,-,,,,,,
Rada Nadzorcza:,,27,,,,,,
Rada Nadzorcza:,,27,,,,,,
"- Maciej Śliwocki do dnia 02.02.2017",-,9,,,,,,
"- Sylwia Śliwocka do dnia 02.02.2017",-,9,,,,,,
