Wyszczególnienie,Liczba akcji,Liczba głosów,,Wartość,,,Udział w,,,,,,,
"",Wyszczególnienie,Liczba akcji,Liczba głosów,nominalna,kapitale,,,,,,,,,
"",,,,,,,,,akcji (w zł),podstawowym,,,,
Dariusz Kawecki,1 584 992,1 584 993,1,"26,50%",,,,,,,,,,
Mirosław Jan Dąbrowski,1 017 098,1 017 098,1,"17,01%",,,,,,,,,,
Mirosław Newel,539 650,539 650,1,"9,02%",,,,,,,,,,
"Pozostali, posiadający poniżej 5% ogólnej liczby głosów",2 838 260,2 838 260,1,"47,47%",,,,,,,,,,
"",Razem,,,5 980 00,,,5 980 00,,,,,,100%,
