"",Wyszczególnienie,,,Za okres 12,,,Za okres 12,
"",,miesięcy 2018,miesięcy 2017,,,,,
"",I. Zysk (strata) netto za okres,,,13 53,,,12 329,
"",II. Inne całkowite dochody,,,,,,,
1. Skutki wyceny aktywów finansowych dostępnych do sprzedaży,-,-,,,,,,
2. Zabezpieczenie przepływów pieniężnych,-,-,,,,,,
3. Skutki aktualizacji aktywów trwałych,5,-,,,,,,
4. Zyski i straty aktuarialne z tytułu programu określonych świadczeń,-,-,,,,,,
5. Udziały w innych całkowitych dochodach jednostek stowarzyszonych,-,-,,,,,,
6. Podatek dochodowy dotyczący innych całkowitych dochodów,-,-,,,,,,
"",III. Inne całkowite dochody netto,,,,,,,
"",,,,,,,,
"","IV. Całkowity dochód za okres, w tym",,,13 54,,,12 329,
1. Przypadający akcjonariuszom podmiotu dominującego,13 532,12 324,,,,,,
2. Przypadający udziałom niesprawującym kontroli,9,5,,,,,,
