Wyszczególnienie,,Za okres 12 miesięcy,,,Za okres 12 miesięcy,,,
"",Wyszczególnienie,,,,,,,
"",,,,2018,2017,,,
"A. PRZEPŁYWY ŚRODKÓW PIENIĘŻNYCH Z DZIAŁALNOŚCIOPERACYJNEJ",,,,,,,,
I. Zysk / strata brutto,16 807,15 142,,,,,,
II. Korekty,10 336,720,,,,,,
1. Amortyzacja,3 068,2 932,,,,,,
2. Odsetki i udziały w zyskach (dywidendy),2,2 034,,,,,,
3.Zyski (straty) z tytułu różnic kursowych,1 799,7,,,,,,
4. Zysk (strata) z działalności inwestycyjnej,-148,184,,,,,,
5. Zmiana stanu rezerw,-228,1 397,,,,,,
6. Zmiana stanu zapasów,-77,-8 199,,,,,,
7. Zmiana stanu należności,-913,3 378,,,,,,
"8. Zmiana stanu zobowiązań krótkoterminowych, z wyjątkiem pożyczek ikredytów",238,9 772,,,,,,
9. Zmiana stanu rozliczeń międzyokresowych,-41,-84,,,,,,
10. Podatek dochodowy,-2 847,-2 803,,,,,,
11. Inne korekty,9 483,-7 898,,,,,,
"",III. Przepływy pieniężne netto z działalności operacyjnej (l±ll),,,27 14,,,15 862,
"B. PRZEPŁYWY ŚRODKÓW PIENIĘŻNYCH Z DZIAŁALNOŚCIINWESTYCYJNEJ",,,,,,,,
I. Wpływy,383,264,,,,,,
1. Zbycie  rzeczowych aktywów trwałych i wartości niematerialnych,353,264,,,,,,
2. Zbycie aktywów finansowych,-,-,,,,,,
3. Inne wpływy,30,-,,,,,,
II. Wydatki,9 862,2 228,,,,,,
1. Nabycie rzeczowych aktywów trwałych i wartości niematerialnych,2 347,2 228,,,,,,
2. Nabycie aktywów finansowych w jednostkach powiązanych,7 500,-,,,,,,
3.Udzielone pożyczki,15,-,,,,,,
"",III. Przepływy pieniężne netto z działalności inwestycyjnej (I-II),,,-9 47,,,-1 964,
"C. PRZEPŁYWY ŚRODKÓW PIENIĘŻNYCH Z DZIAŁALNOŚCIFINANSOWEJ",,,,,,,,
I. Wpływy,261,4 858,,,,,,
1. Kredyty bankowe,215,4 790,,,,,,
2. Odsetki,43,40,,,,,,
3. Inne wpływy finansowe,3,28,,,,,,
II. Wydatki,18 649,17 998,,,,,,
1. Nabycie udziałów (akcji) własnych,-,-,,,,,,
2. Wypłata dywidendy,2 391,2 093,,,,,,
3. Spłata kredytów bankowych,13 505,12 959,,,,,,
4. Płatności z tytułu leasingu finansowego,782,679,,,,,,
5. Odsetki,1 822,2 047,,,,,,
6. Inne wydatki finansowe,149,220,,,,,,
"",III. Przepływy pieniężne netto z działalności finansowej (I-II),,,-18 38,,,-13 140,
"",D. PRZEPŁYWY PIENIĘŻNE NETTO RAZEM (A.III +/- B.III +/- C.III),,,-72,,,758,
"E. BILANSOWA ZMIANA STANU ŚRODKÓW PIENIĘŻNYCH, W TYM",-724,758,,,,,,
"- zmiana stanu środków pieniężnych z tytułu różnic kursowych",-,-,,,,,,
"",F. ŚRODKI PIENIĘŻNE NA POCZĄTEK OKRESU,,,4 43,,,3 672,
"","G. ŚRODKI PIENIĘŻNE NA KONIEC OKRESU (F +/- D), W TYM",,,3 70,,,4 430,
