Wyszczególnienie,,2018,2017,
"",Wyszczególnienie,2018,2017,
Zysk brutto jednostki przed opodatkowaniem,,18 807,15 142,
Obowiązująca stawka podatku dochodowego od osób prawnych,,"0,19","0,19",
Podatek wg ustawowej stawki podatkowej,,3 193,2 877,
Wpływ podatku od różnic trwałych,,140,30,
Wpływ podatku od różnic przejściowych,,759,-577,
Koszty powiększające koszty uzyskania przychodu:,,-451,-3 253,
Koszty niestanowiące kosztów uzyskania przychodów,,-3 143,2 201,
Przychody niebędące podstawą do opodatkowania,,-5 811,-3 728,
Przychody zwiększające podstawę opodatkowania,,-5 969,-6 343,
Pozostałe,,-,21,
Efektywna stawka podatkowa,,"17,39","18,58",
"",Podatek dochodowy (obciążenie) wykazany w skonsolidowanym,,3 271,2 813
3 271,2 813,,,
sprawozdaniu z całkowitych dochodów,,,,
