Wyszczególnienie,2018,2017
Wyszczególnienie,2018,2017
Zysk ze zbycia środków trwałych,153,-
Dotacje,-,-
Inne przychody operacyjne:,1 141,1 008
"- odszkodowania",211,323
"- dofinansowanie do wynagrodzeń osób niepełnosprawnych (PFRON)",177,118
"- rozwiązanie rezerw",75,-
"- rozwiązanie odpisów aktualizujących należności",265,202
"- zwrot opłat sądowych i komorniczych",46,37
"- czynsz za wynajem",193,193
"- przedawnione zobowiązanie",5,5
"- nadwyżki",27,-
"- pozostałe",142,130
