Wyszczególnienie,31.12.2018,31.12.2017
Wyszczególnienie,31.12.2018,31.12.2017
Amortyzacja,99,98
Odpis na utratę wartości aktywów obrotowych,469,443
Odpis na utratę wartości aktywów trwałych,135,154
Odsetki naliczone niezapłacone,150,161
Rezerwy w tym;,1 975,1 896
"- na premie i wynagrodzenia",100,88
"- na urlopy",204,239
"- bonusy udzielone",1 557,1 418
"- strata podatkowa",-,21
"- na odprawy emerytalne",43,49
"- na inwestycje w obcym środku trwałym",71,81
Wynagrodzenia i składki ZUS zapłacone w kolejnym roku,140,107
Pozostałe,125,372
Niezrealizowana marża konsolidacyjna,250,237
