Aktywa (tys. zł),Nota,31.12.2018,31.12.2017,,,,,,,,
"",Aktywa (tys. zł),Nota,31.12.201,31.12.201,,,,,,,
A. Aktywa trwałe,,63 106,62 977,,,,,,,,
1. Wartość firmy,15,31 183,31 183,,,,,,,,
2. Inne wartości niematerialne,16,492,551,,,,,,,,
3. Rzeczowe aktywa trwałe,17,27 963,27 650,,,,,,,,
4.Należnosci długoterminowe,,29,29,,,,,,,,
5.Aktywa finansowe długoterminowe,,96,96,,,,,,,,
6. Aktywa z tytułu podatku odroczonego,18,3 343,3 468,,,,,,,,
B. Aktywa obrotowe,,121 688,123 194,,,,,,,,
1. Zapasy,19,55 660,55 583,,,,,,,,
2. Należności z tytułu dostaw i usług,20,52 130,61 072,,,,,,,,
3. Należności pozostałe,20,9 647,1 618,,,,,,,,
4. Należności z tytułu podatku dochodowego,20,150,123,,,,,,,,
5. Aktywa finansowe krótkoterminowe,,-,14,,,,,,,,
6. Środki pieniężne i ich ekwiwalenty,21,3 706,4 430,,,,,,,,
7. Rozliczenia międzyokresowe,22,395,354,,,,,,,,
C. Aktywa trwałe przeznaczone do zbycia,23,80,108,,,,,,,,
"",AKTYWA OGÓŁEM,,,,,,184 87,,,186 279,
Pasywa (w tys. zł),Nota,31.12.2018,31.12.2017,,,,,,,,
"",Pasywa (w tys. zł),Nota,31.12.201,31.12.201,,,,,,,
A. Kapitał własny,,79 311,68 158,,,,,,,,
I. Kapitał przypadający akcjonariuszom podmiotu dominującego,,79 297,68 153,,,,,,,,
1. Kapitał akcyjny,24,5 980,5 980,,,,,,,,
2. Kapitał zapasowy,25,49 490,49 879,,,,,,,,
3. Kapitał rezerwowy,25,1 430,1 430,,,,,,,,
4. Zysk (strata) z lat ubiegłych,,8 870,-1 460,,,,,,,,
5. Zyski (strata) netto,,13 527,12 324,,,,,,,,
II. Kapitał przypadający udziałowcom niesprawującym  kontroli,26,14,5,,,,,,,,
B. Zobowiązania długoterminowe,,15 249,23 622,,,,,,,,
1. Kredyty bankowe,27,9 555,18 582,,,,,,,,
2. Zobowiązania z tytułu leasingu finansowego,28,850,840,,,,,,,,
3. Rezerwa z tytułu podatku odroczonego,18,4 547,3 913,,,,,,,,
4. Rezerwy na inne zobowiązania,30,297,287,,,,,,,,
C. Zobowiązania krótkoterminowe,,90 314,94 499,,,,,,,,
1. Kredyty bankowe,27,48 095,52 357,,,,,,,,
2. Zobowiązania z tytułu leasingu finansowego,28,982,697,,,,,,,,
3. Zobowiązania z tytułu dostaw i usług,29,33 084,34 353,,,,,,,,
4. Zobowiązania pozostałe,29,5 494,3 987,,,,,,,,
5. Zobowiązanie z tytułu podatku dochodowego,29,327,606,,,,,,,,
6. Rezerwy na zobowiązania,30,2 332,2 499,,,,,,,,
D. Zobowiązania dotyczące aktywów trwałych przeznaczonych do zbycia,,-,-,,,,,,,,
"",PASYWA OGÓŁEM,,,,,,184 87,,,186 279,
