Segmenty działalności,,Region,,"Region Wschodni20182017","Region Centralny20182017",,,,,,,,,,,,,,,
"",,,,,,,,,,Region Wschodni,Region Centralny,,,,,,,,,
"",,"Zachodni20182017",,,,,,,,,,,,,,,,,,
Aktywa segmentu,74 537,73 639,71 153,71 768,39 184,42 109,,,,,,,,,,,,,,
Aktywa nie przypisane,-,-,-,-,-,-,,,,,,,,,,,,,,
"",Aktywa razem,,,74 53,,,73 639,,,71 153,,,71 76,,,39 184,,,42 109,
Zobowiązania segmentu,53 988,54 852,32 497,40 868,19 078,23 402,,,,,,,,,,,,,,
Zobowiązania nie przypisane,-,-,-,-,-,-,,,,,,,,,,,,,,
"",Zobowiązania razem,,,53 98,,,54 852,,,32 497,,,40 86,,,19 078,,,23 402,
"Nakłady na rzeczowe aktywa trwałe i wartościniematerialne",957,602,205,970,176,1 216,,,,,,,,,,,,,,
Nakłady nie przypisane do segmentów,-,-,-,-,-,-,,,,,,,,,,,,,,
"",Nakłady na rzeczowe aktywa trwałe i wartości,,957,602,205,970,176,1 216,,,,,,,,,,,,
"",,,,95,602,205,97,176,1 216,,,,,,,,,,,
"",niematerialne razem,,,,,,,,,,,,,,,,,,,
Amortyzacja,553,502,1 394,1 451,1 121,979,,,,,,,,,,,,,,
Amortyzacja nie przypisana do segmentu,-,-,-,-,-,-,,,,,,,,,,,,,,
"",Amortyzacja ogółem,,,55,,,502,,,1 394,,,1 45,,,1 121,,,979,
Odpisy aktualizujące,1 983,2 253,2 334,2 301,662,1 015,,,,,,,,,,,,,,
Nie przypisane odpisy aktualizujące,-,-,-,-,-,-,,,,,,,,,,,,,,
