Wyszczególnienie,"Delko OttoSp. z o.o.","NikaSp. z o.o.","P   H   AmaS.A.","Frog MSDelkoSp. z o.o.","CosmeticsSp. z o.o.","DoktorLeksS.A.","DelkorSp. z o.o.",Razem,,,,,,,,,,,,,,,,,,
"",,,,,,,,,,,,,Frog MS,Doktor,,,,,,,,,,,,
"",,,,Delko Otto,Nika,P   H   Ama,osmetics,Delkor,,,,,,,,,,,,,,,,,,
"",Wyszczególnienie,Delko,Leks,Razem,,,,,,,,,,,,,,,,,,,,,,
"",,,,Sp. z o.o.,Sp. z o.o.,S.A.,Sp. z o.o.,Sp. z o.o.,,,,,,,,,,,,,,,,,,
"",,,,,,,,,,,,,Sp. z o.o.,S.A.,,,,,,,,,,,,
"",Wartość brutto,,,,,,,,,,,,,,,,,,,,,,,,,
Na dzień 1 stycznia 2018,1 097,2 684,3 581,1 045,4 190,13 336,5 250,31 183,,,,,,,,,,,,,,,,,,
Różnice kursowe,-,-,-,-,-,-,-,-,,,,,,,,,,,,,,,,,,
"Zwiększenia z tytułu nabyciapodmiotów powiązanych",-,-,,,-,-,-,-,,,,,,,,,,,,,,,,,,
"Zmniejszenia z tytułu sprzedażypodmiotów powiązanych",-,-,-,-,-,-,-,-,,,,,,,,,,,,,,,,,,
"Reklasyfikacja do aktywówprzeznaczonych do zbycia",-,-,-,-,-,-,-,-,,,,,,,,,,,,,,,,,,
Inne zmiany,-,-,-,-,-,-,-,-,,,,,,,,,,,,,,,,,,
Na dzień 31 grudnia 2018,1 097,2 684,3 581,1 045,4 190,13 336,5 250,31 183,,,,,,,,,,,,,,,,,,
Na dzień 1 stycznia 2017,1 097,2 684,3 581,1 045,4 190,13 336,5 250,31 183,,,,,,,,,,,,,,,,,,
Różnice kursowe,-,-,-,-,-,,,,,,,,,,,,,,,,,,,,,
"Zwiększenia z tytułu nabyciapodmiotów powiązanych",-,-,-,-,,,,,,,,,,,,,,,,,,,,,,
"Zmniejszenia z tytułu sprzedażypodmiotów powiązanych",-,-,-,-,-,-,-,-,,,,,,,,,,,,,,,,,,
"Reklasyfikacja do aktywówprzeznaczonych do zbycia",-,-,-,-,-,-,-,-,,,,,,,,,,,,,,,,,,
Inne zmiany,-,-,-,-,-,-,-,-,,,,,,,,,,,,,,,,,,
Na dzień 31 grudnia 2017,1 097,2 684,3 581,1 045,4 190,13 336,5 250,31 183,,,,,,,,,,,,,,,,,,
"",,,,,,,,,,,,,,,,,,,,,,,,,,
"",Odpisy aktualizujące z tytułu,,,,,,,,,,,,,,,,,,,,,,,,,
"",,,,,,,,,,,,,,,,,,,,,,,,,,
utraty wartości,,,,,,,,,,,,,,,,,,,,,,,,,,
Na dzień 1 stycznia 2018,-,-,-,-,-,-,-,-,,,,,,,,,,,,,,,,,,
Różnice kursowe,-,-,-,-,-,-,-,-,,,,,,,,,,,,,,,,,,
"Utrata wartości rozpoznana wciągu roku",-,-,-,-,-,-,-,-,,,,,,,,,,,,,,,,,,
"Zmniejszenia z tytułu sprzedażypodmiotów powiązanych",-,-,-,-,-,-,-,-,,,,,,,,,,,,,,,,,,
Na dzień 31 grudnia 2018,-,-,-,-,-,-,-,-,,,,,,,,,,,,,,,,,,
Na dzień 1 stycznia 2017,-,-,-,-,-,-,-,-,,,,,,,,,,,,,,,,,,
Różnice kursowe,-,-,-,-,-,-,-,-,,,,,,,,,,,,,,,,,,
"Utrata wartości rozpoznana wciągu roku",-,-,-,-,-,-,-,-,,,,,,,,,,,,,,,,,,
"Zmniejszenia z tytułu sprzedażypodmiotów powiązanych",-,-,-,-,-,-,-,-,,,,,,,,,,,,,,,,,,
Na dzień 31 grudnia 2017,-,-,-,-,-,-,-,-,,,,,,,,,,,,,,,,,,
Wartość netto,,,,,,,,,,,,,,,,,,,,,,,,,,
