Wyszczególnienie,"Kapitałakcyjny","Kapitałzapasowy","Kapitałrezerwowy","Niepodzielonywynik z latubiegłych",,Nabycie,,"Wynikfinansowyza rokobrotowy","Kapitałyprzypadająceakcjonariuszompodmiotudominującego","Kapitałprzypadającyudziałowcomniesprawującymkontroli",Razem,,,,,,,,,,,,,,,,,,
"",,,,,,,,,,,,,,,,,,,,,Kapitały,Kapitał,,,,,,,
"",,,,,,,,,,,,,,,,dodatkowych,Wynik,,,,,,,,,,,,
"",,,,,,,,,,,,Niepodzielony,przypadające,przypadający,,,,,,,,,,,,,,,
"",,,,Kapitał,Kapitał,Kapitał,udziałów,finansowy,,,,,,,,,,,,,,,,,,,,,
"",Wyszczególnienie,wynik z lat,akcjonariuszom,udziałowcom,Razem,,,,,,,,,,,,,,,,,,,,,,,,
"",,,,akcyjny,zapasowy,rezerwowy,spółek,za rok,,,,,,,,,,,,,,,,,,,,,
"",,,,,,,,,,,,ubiegłych,podmiotu,niesprawującym,,,,,,,,,,,,,,,
"",,,,,,,,,,,,,,,,zależnych,obrotowy,,,,,,,,,,,,
"",,,,,,,,,,,,,,,,,,,,,dominującego,kontroli,,,,,,,
"",,,,,,,,,,,,,,,,,,,,,,,,,,,,,
"",Na dzień 01 stycznia 2018 roku,,,5 98,,,49 87,,,1 43,,,-1 46,,,,,,12 32,,,68 153,,,,,,68 158,
Całkowite dochody,-,4,-,5,-,13 724,13 733,9,13 742,,,,,,,,,,,,,,,,,,,,
Zysk udziałów niesprawujących kontroli,-,4,-,-,-,-,4,9,13,,,,,,,,,,,,,,,,,,,,
Zysk (strata) netto,-,-,-,-,-,13 527,13 527,-,13 527,,,,,,,,,,,,,,,,,,,,
Skutki aktualizacji aktywów trwałych,-,-,-,5,-,-,5,-,5,,,,,,,,,,,,,,,,,,,,
Inne zmiany/przeszacowanie,-,-,-,-,-,-,-,-,-,,,,,,,,,,,,,,,,,,,,
Transakcje z właścicielami,-,-393,-,10 325,-,-12 324,-2 392,-,-2 392,,,,,,,,,,,,,,,,,,,,
"",Emisja akcji,,,,,,,,,,,,,,,,,,,,,-,,,,,,-,
Koszt emisji akcji,-,-,-,-,-,-,-,-,-,,,,,,,,,,,,,,,,,,,,
Wypłata dywidendy,-,-,-,-2 392,-,-,-2 392,-,-2 392,,,,,,,,,,,,,,,,,,,,
Podział wyniku finansowego,-,-393,-,12 717,-,-12 324,-,-,-,,,,,,,,,,,,,,,,,,,,
"",Na dzień 31 grudnia 2018 roku,,,5 98,,,49 49,,,1 43,,,8 87,,,,,,13 52,,,79 297,,,1,,,79 311,
"",,,,,,,,,,,,,,,,,,,,,,,,,,,,,
"",Na dzień 01 stycznia 2017 roku,,,5 98,,,44 78,,,1 43,,,-4 19,,,,,,10 13,,,58 125,,,,,,58 125,
Całkowite dochody,-,-,-,-203,-,12 324,12 121,5,12 126,,,,,,,,,,,,,,,,,,,,
Zysk udziałów niesprawujących kontroli,-,-,-,-,-,-,-,5,5,,,,,,,,,,,,,,,,,,,,
Zysk (strata) netto,-,-,-,-,-,12 324,12 324,-,12 324,,,,,,,,,,,,,,,,,,,,
Inne zmiany/przeszacowanie,-,-,-,-203,-,-,-203,-,-203,,,,,,,,,,,,,,,,,,,,
Transakcje z właścicielami,-,5 097,-,2 941,-,-10 131,-2 093,-,-2 093,,,,,,,,,,,,,,,,,,,,
"",Emisja akcji,,,,,,,,,,,,,,,,,,,,,-,,,,,,-,
Koszt emisji akcji,-,-,-,-,-,-,-,-,-,,,,,,,,,,,,,,,,,,,,
Wypłata dywidendy,-,-,-,-2 093,-,-,-2 093,-,-2 093,,,,,,,,,,,,,,,,,,,,
Podział wyniku finansowego,-,5 097,-,5 034,-,-10 131,-,-,-,,,,,,,,,,,,,,,,,,,,
