Bank,Siedziba,Kredyt wg umowy,"Kwota pozostała dospłaty",Warunki oprocentowania,Termin spłaty,Zabezpieczenie,,,,,,,
"",,,,,,Kwota pozostała do,,,,,,,
"",,,,,,,,,,,,,
Bank,Siedziba,spłaty,Warunki oprocentowania,Termin spłaty,Zabezpieczenie,,,,,,,,
"",,,waluta,,,PLN,,,waluta,,,PLN,
PKO BP S.A.,Warszawa,PLN,2 500,PLN,1 734,"oprocentowanie na podstawieWIBOR 1M z bieżącego dniapowiększonym o marżę Banku",11 08.2018,"Zastaw rejestrowy na zapasach,przelew wierzytelności z należnościhandlowych.",,,,,
PEKAO S.A.,Warszawa,PLN,8 500,PLN,6 730,"oprocentowanie na podstawieWIBOR O/N ogłaszanych wserwisie Reuters w danym dniupowiększonym o marżę Banku",17.08.2018,"Hipoteka na nieruchomości gruntowej,zastaw na zapasach, cesja praw zpolisy ubezpieczeniowej środkówobrotowych od ognia i innych zdarzeńlosowych",,,,,
PKO BP S.A.,Warszawa,PLN,8 000,PLN,5 911,"oprocentowanie na podstawieWIBOR 1M z bieżącego dniapowiększonym o marżę Banku",25 07.2018,"Zastaw rejestrowy na zapasach,przelew wierzytelności z należnościhandlowych.",,,,,
PKO BP S.A.,Warszawa,PLN,8 000,PLN,7 467,"oprocentowanie na podstawieWIBOR 1M z bieżącego dniapowiększonym o marżę Banku",25 07.2022,"Weksel własny in blanco, poręczeniewekslowe Delko  S.A.",,,,,
