"",Blue STOP  Sp. z o.o.,,,,,,,,
"",,Blue STOP  Sp. z o.o.,,,,,,,
"",,Zarząd:,,,,,,1,
"",- L. Wójcik,-,10,,,,,,
"",-E. Marcinkowska od 01.12.2017 r,39,3,,,,,,
"",,Delkor Sp. z o.o.,,,,,,,
"",,Zarząd:,,,,,,10,
"",- B.Jasiak,21,-,,,,,,
"",- G.Ignaczak,9,94,,,,,,
"",- A.Marczyk,-,15,,,,,,
"",-K.Siwecki,21,-,,,,,,
"",- M.Koralewski,12,-,,,,,,
"",Delko Esta Sp. z o.o.,,,,,,,,
"",,Delko Esta Sp. z o.o.,,,,,,,
"",Zarząd:,,77,,,,,,
"",,Zarząd:,,7,,,,,
"",- T. Wygoda,39,65,,,,,,
"",- S. Wygoda,8,12,,,,,,
"",Doktor Leks Sp. z o.o.,,,,,,,,
"",,Doktor Leks Sp. z o.o.,,,,,,,
"",,Zarząd:,,,11,,,11,
"",- M. Szklarski,39,36,,,,,,
"",- E. Kawecki,-,14,,,,,,
"",- S.Tokarz,75,61,,,,,,
"",Rada Nadzorcza:,-,-,,,,,,
"",,Rada Nadzorcza:,,-,,,,,
"",- I. Jantoń,-,-,,,,,,
"",- J. Jantoń,-,-,,,,,,
"",- T. Wygoda,-,-,,,,,,
"",Lavende  Sp. z o.o.,,,,,,,,
"",,Lavende  Sp. z o.o.,,,,,,,
"",Zarząd:,25,24,,,,,,
"",,Zarząd:,2,24,,,,,
"",- P.Laskowski,25,24,,,,,,
"",RHS  Sp. z o.o.,,,,,,,,
"",,RHS  Sp. z o.o.,,,,,,,
"",,Zarząd:,,,17,,,3,
"",- Elzbieta Paradowska do 02.02.2017,-,3,,,,,,
"",-A.Stanuchiewicz,179,-,,,,,,
"",Rada Nadzorcza:,-,27,,,,,,
"",Rada Nadzorcza:,,27,,,,,,
"",- Maciej Śliwocki do dnia 02.02.2017,-,9,,,,,,
"",- Sylwia Śliwocka do dnia 02.02.2017,-,9,,,,,,
